{"pages":{"pageCount":1,"thumbnails":["/Previews/page_1.jpg"],"snippets":["/IDMS/page_1.idms"]},"variables":{"array":[{"type":"text","name":"dev_off","content":"dev_off","context":"{{dev_off}}","sortIndex":9999,"pages":["1"]},{"type":"text","name":"dev_off_legal","content":"dev_off_legal","context":"{{dev_off_legal}}","sortIndex":9999,"pages":["1"]},{"type":"text","name":"ep","content":"ep","context":"{{ep}}","sortIndex":9999,"pages":["1"]},{"type":"text","name":"frp","content":"frp","context":"{{frp}}","sortIndex":9999,"pages":["1"]},{"type":"text","name":"legal","content":"legal","context":"{{legal}}","sortIndex":9999,"pages":["1"]},{"type":"text","name":"eff","content":"eff","context":"{{eff}}","sortIndex":9999,"pages":["1"]},{"type":"text","name":"device","content":"device","context":"{{device}}","sortIndex":9999,"pages":["1"]},{"type":"text","name":"device2","content":"device2","context":"{{device2}}","sortIndex":9999,"pages":["1"]}]}}