<?xml version="1.0" encoding="UTF-8" standalone="yes"?><Template><pages pageCount="1"><Page index="0"><thumbnail>/Previews/page_1.jpg</thumbnail><snippet>/IDMS/page_1.idms</snippet></Page></pages><variables><Variable type="text" name="dev_off"><content>dev_off</content><context>{{dev_off}}</context><variablePages><page index="1"/></variablePages></Variable><Variable type="text" name="dev_off_legal"><content>dev_off_legal</content><context>{{dev_off_legal}}</context><variablePages><page index="1"/></variablePages></Variable><Variable type="text" name="ep"><content>ep</content><context>{{ep}}</context><variablePages><page index="1"/></variablePages></Variable><Variable type="text" name="frp"><content>frp</content><context>{{frp}}</context><variablePages><page index="1"/></variablePages></Variable><Variable type="text" name="legal"><content>legal</content><context>{{legal}}</context><variablePages><page index="1"/></variablePages></Variable><Variable type="text" name="eff"><content>eff</content><context>{{eff}}</context><variablePages><page index="1"/></variablePages></Variable><Variable type="text" name="device"><content>device</content><context>{{device}}</context><variablePages><page index="1"/></variablePages></Variable><Variable type="text" name="device2"><content>device2</content><context>{{device2}}</context><variablePages><page index="1"/></variablePages></Variable></variables></Template>