<?xml version="1.0" encoding="UTF-8" standalone="yes"?><Template><pages pageCount="1"><Page index="0"><thumbnail>/Previews/page_1.jpg</thumbnail><snippet>/IDMS/page_1.idms</snippet></Page></pages><variables><Variable type="text" name="gb1"><content>gb1</content><context>{{gb1}}</context><variablePages><page index="1"/></variablePages></Variable><Variable type="text" name="gb2"><content>gb2</content><context>{{gb2}}</context><variablePages><page index="1"/></variablePages></Variable><Variable type="text" name="gb3"><content>gb3</content><context>{{gb3}}</context><variablePages><page index="1"/></variablePages></Variable><Variable type="text" name="ep1"><content>ep1</content><context>{{ep1}}</context><variablePages><page index="1"/></variablePages></Variable><Variable type="text" name="ep2"><content>ep2</content><context>{{ep2}}</context><variablePages><page index="1"/></variablePages></Variable><Variable type="text" name="ep3"><content>ep3</content><context>{{ep3}}</context><variablePages><page index="1"/></variablePages></Variable><Variable type="text" name="frp1"><content>frp1</content><context>{{frp1}}</context><variablePages><page index="1"/></variablePages></Variable><Variable type="text" name="frp2"><content>frp2</content><context>{{frp2}}</context><variablePages><page index="1"/></variablePages></Variable><Variable type="text" name="frp3"><content>frp3</content><context>{{frp3}}</context><variablePages><page index="1"/></variablePages></Variable><Variable type="text" name="legal"><content>legal</content><context>{{legal}}</context><variablePages><page index="1"/></variablePages></Variable><Variable type="text" name="eff"><content>eff</content><context>{{eff}}</context><variablePages><page index="1"/></variablePages></Variable><Variable type="text" name="device"><content>device</content><context>{{device}}</context><variablePages><page index="1"/></variablePages></Variable><Variable type="text" name="device2"><content>device2</content><context>{{device2}}</context><variablePages><page index="1"/></variablePages></Variable></variables></Template>