{"pages":{"pageCount":1,"thumbnails":["/Previews/page_1.jpg"],"snippets":["/IDMS/page_1.idms"]},"variables":{"array":[{"type":"text","name":"gb1","content":"gb1","context":"{{gb1}}","sortIndex":9999,"pages":["1"]},{"type":"text","name":"gb2","content":"gb2","context":"{{gb2}}","sortIndex":9999,"pages":["1"]},{"type":"text","name":"gb3","content":"gb3","context":"{{gb3}}","sortIndex":9999,"pages":["1"]},{"type":"text","name":"ep1","content":"ep1","context":"{{ep1}}","sortIndex":9999,"pages":["1"]},{"type":"text","name":"ep2","content":"ep2","context":"{{ep2}}","sortIndex":9999,"pages":["1"]},{"type":"text","name":"ep3","content":"ep3","context":"{{ep3}}","sortIndex":9999,"pages":["1"]},{"type":"text","name":"frp1","content":"frp1","context":"{{frp1}}","sortIndex":9999,"pages":["1"]},{"type":"text","name":"frp2","content":"frp2","context":"{{frp2}}","sortIndex":9999,"pages":["1"]},{"type":"text","name":"frp3","content":"frp3","context":"{{frp3}}","sortIndex":9999,"pages":["1"]},{"type":"text","name":"legal","content":"legal","context":"{{legal}}","sortIndex":9999,"pages":["1"]},{"type":"text","name":"eff","content":"eff","context":"{{eff}}","sortIndex":9999,"pages":["1"]},{"type":"text","name":"device","content":"device","context":"{{device}}","sortIndex":9999,"pages":["1"]},{"type":"text","name":"device2","content":"device2","context":"{{device2}}","sortIndex":9999,"pages":["1"]}]}}